file,line,snippet,call_type,consolidation_wave
"core/modules/status-page/docker-compose.base.yml",56,"      test: [""CMD-SHELL"", ""python3 -c \""import urllib.request; urllib.request.urlopen('http://localhost:8080/health')\"" || exit 1""]",python3 -c,W5
"core/modules/postgres/hooks/on-project-deploy.sh",43,"    db_name=""$(python3 -c """,python3 -c,W5
"core/internal/scaffold/context-init.sh",322,"    py_output=""$(python3 -c ""${python_script}"" \",python3 -c,W5
"core/internal/scaffold/adopt-project.sh",404,"    if [[ ""$parse_ok"" == false ]] && command -v python3 &>/dev/null && python3 -c ""import yaml"" 2>/dev/null; then",python3 -c,W5
"core/internal/scaffold/adopt-project.sh",405,"        resolved_content=""$(python3 -c """,python3 -c,W5
"core/internal/scaffold/adopt-project.sh",433,"    analysis=""$(echo ""$resolved_content"" | python3 -c """,python3 -c,W5
"core/internal/scaffold/adopt-project.sh",675,"    elif command -v python3 &>/dev/null && python3 -c ""import yaml"" 2>/dev/null; then",python3 -c,W5
"core/internal/scaffold/add-project.sh",719,"    elif command -v python3 &>/dev/null && python3 -c ""import yaml"" 2>/dev/null; then",python3 -c,W5
"core/modules/status-page/Dockerfile",24,"    CMD python3 -c ""import urllib.request; urllib.request.urlopen('http://localhost:8080/health')"" || exit 1",python3 -c,W5
"core/internal/scaffold/remove-project.sh",173,"            py_result=""$(python3 -c """,python3 -c,W5
"core/internal/scaffold/remove-project.sh",221,"    elif command -v python3 &>/dev/null && python3 -c ""import yaml"" 2>/dev/null; then",python3 -c,W5
"core/entrypoints/bootstrap.sh",122,"    OWNER_KEY=$(python3 -c ""import yaml; f=open('${NODE_YAML}'); d=yaml.safe_load(f); print(d.get('node',{}).get('owner_key',''))"" 2>/dev/null) || true",python3 -c,W5
"core/entrypoints/bootstrap.sh",140,"    CI_DEPLOY_KEY=$(python3 -c ""import yaml; f=open('${NODE_YAML}'); d=yaml.safe_load(f); print(d.get('node',{}).get('ci_deploy_key',''))"" 2>/dev/null) || true",python3 -c,W5
"core/internal/scaffold/add-vhost.sh",267,"    if command -v python3 &>/dev/null && python3 -c ""import yaml"" 2>/dev/null; then",python3 -c,W5
"core/internal/scaffold/add-vhost.sh",570,"    domains=""$(echo ""$@"" | python3 -c """,python3 -c,W5
"core/internal/scaffold/add-vhost.sh",801,"        proj_name=""$(echo ""$entry"" | python3 -c ""import sys,json; print(json.loads(sys.stdin.read())['name'])"" 2>/dev/null || echo """")""",python3 -c,W5
"core/internal/scaffold/add-vhost.sh",802,"        proj_domain=""$(echo ""$entry"" | python3 -c ""import sys,json; print(json.loads(sys.stdin.read())['domain'])"" 2>/dev/null || echo """")""",python3 -c,W5
"core/modules/monitoring/hooks/on-project-deploy.sh",51,"    project_config=""$(python3 -c """,python3 -c,W5
"core/modules/monitoring/hooks/on-project-deploy.sh",59,"    has_monitoring=""$(echo ""$project_config"" | python3 -c """,python3 -c,W5
"core/modules/monitoring/hooks/on-project-deploy.sh",70,"    PROJECT_TYPE=""$(echo ""$project_config"" | python3 -c """,python3 -c,W5
"core/modules/monitoring/hooks/on-project-deploy.sh",81,"        l1_config=""$(python3 -c """,python3 -c,W5
"core/modules/monitoring/hooks/on-project-deploy.sh",98,"        l2_config=""$(python3 -c """,python3 -c,W5
"core/modules/monitoring/hooks/on-project-deploy.sh",108,"    l3_config=""$(echo ""$project_config"" | python3 -c """,python3 -c,W5
"core/modules/monitoring/hooks/on-project-deploy.sh",114,"    MERGED_CONFIG=""$(python3 -c """,python3 -c,W5
"core/modules/monitoring/hooks/on-project-deploy.sh",116,"l1 = json.loads('''$(echo ""$l1_config"" | python3 -c ""import sys; print(sys.stdin.read())"")''')",python3 -c,W5
"core/modules/monitoring/hooks/on-project-deploy.sh",117,"l2 = json.loads('''$(echo ""$l2_config"" | python3 -c ""import sys; print(sys.stdin.read())"")''')",python3 -c,W5
"core/modules/monitoring/hooks/on-project-deploy.sh",118,"l3 = json.loads('''$(echo ""$l3_config"" | python3 -c ""import sys; print(sys.stdin.read())"")''')",python3 -c,W5
"core/modules/monitoring/hooks/on-project-deploy.sh",125,"    NEEDS_LLM=""$(echo ""$project_config"" | python3 -c """,python3 -c,W5
"core/modules/monitoring/hooks/on-project-deploy.sh",142,"    metrics_enabled=""$(echo ""$MERGED_CONFIG"" | python3 -c """,python3 -c,W5
"core/modules/monitoring/hooks/on-project-deploy.sh",154,"    metrics_port=""$(echo ""$MERGED_CONFIG"" | python3 -c """,python3 -c,W5
"core/modules/monitoring/hooks/on-project-deploy.sh",164,"    python3 -c """,python3 -c,W5
"core/modules/monitoring/hooks/on-project-deploy.sh",190,"    dashboard_enabled=""$(echo ""$MERGED_CONFIG"" | python3 -c """,python3 -c,W5
"core/modules/monitoring/hooks/on-project-deploy.sh",233,"    logs_retention=""$(echo ""$MERGED_CONFIG"" | python3 -c """,python3 -c,W5
"core/modules/monitoring/hooks/on-project-deploy.sh",248,"    python3 -c """,python3 -c,W5
"core/modules/monitoring/hooks/on-project-deploy.sh",305,"    ai_retention=""$(echo ""$MERGED_CONFIG"" | python3 -c """,python3 -c,W5
"core/modules/monitoring/hooks/on-project-deploy.sh",359,"    alerting_enabled=""$(echo ""$MERGED_CONFIG"" | python3 -c """,python3 -c,W5
"core/internal/scaffold/gen-env-platform.sh",95,"    python3 -c """,python3 -c,W5
"core/modules/hermes-agent/watchdog/platform-agent-watchdog.sh",298,"    circuit_open=""$(echo ""$state_json"" | python3 -c ""import sys,json; d=json.load(sys.stdin); print(d.get('circuit_open','false'))"" 2>/dev/null || echo ""false"")""",python3 -c,W5
"core/modules/hermes-agent/watchdog/platform-agent-watchdog.sh",304,"        last_failure=""$(echo ""$state_json"" | python3 -c ""import sys,json; d=json.load(sys.stdin); fs=d.get('failures',[]); print(fs[-1] if fs else '0')"" 2>/dev/null || echo ""0"")""",python3 -c,W5
"core/modules/hermes-agent/watchdog/platform-agent-watchdog.sh",317,"    new_json=""$(python3 -c """,python3 -c,W5
"core/modules/hermes-agent/watchdog/platform-agent-watchdog.sh",332,"    failure_count=""$(echo ""$new_json"" | python3 -c ""import sys,json; d=json.load(sys.stdin); print(len(d.get('failures',[])))"" 2>/dev/null || echo ""0"")""",python3 -c,W5
"core/modules/hermes-agent/watchdog/platform-agent-watchdog.sh",336,"    if echo ""$new_json"" | python3 -c ""import sys,json; d=json.load(sys.stdin); sys.exit(0 if d.get('circuit_open',False) else 1)"" 2>/dev/null; then",python3 -c,W5
"core/internal/notify/notify-hook.sh",86,"    encoded=""$(python3 -c ""import urllib.parse; print(urllib.parse.quote('''${text}''', safe=''))"" 2>/dev/null || echo ""${text}"")""",python3 -c,W5
"core/internal/validate/validate.sh",50,"    elif command -v python3 &>/dev/null && python3 -c ""import jsonschema"" &>/dev/null 2>&1; then",python3 -c,W5
"core/internal/validate/validate.sh",70,"    if ! python3 -c """,python3 -c,W5
"core/internal/validate/validate.sh",275,"        host_port=""$(python3 -c """,python3 -c,W5
"core/internal/deploy/reconcile-projects.sh",90,"    project_count=""$(echo ""${projects_json}"" | python3 -c ""import json,sys; print(len(json.load(sys.stdin)))"" 2>/dev/null || echo ""0"")""",python3 -c,W5
"core/internal/deploy/reconcile-projects.sh",109,"        proj_name=""$(echo ""${proj_entry}"" | python3 -c ""import json,sys; print(json.load(sys.stdin).get('name',''))"" 2>/dev/null || true)""",python3 -c,W5
"core/internal/deploy/reconcile-projects.sh",111,"        proj_org=""$(echo ""${proj_entry}"" | python3 -c ""import json,sys; print(json.load(sys.stdin).get('org',''))"" 2>/dev/null || true)""",python3 -c,W5
"core/internal/deploy/reconcile-projects.sh",113,"        proj_domain=""$(echo ""${proj_entry}"" | python3 -c ""import json,sys; print(json.load(sys.stdin).get('domain',''))"" 2>/dev/null || true)""",python3 -c,W5
"core/internal/deploy/reconcile-projects.sh",195,"                    ssh_host=""$(echo ""${NODE_HOST_MAP}"" | python3 -c ""import json,sys; m=json.load(sys.stdin); print(m.get('${node_name}',''))"" 2>/dev/null || true)""",python3 -c,W5
"core/internal/deploy/reconcile-projects.sh",248,"    done <<< ""$(echo ""${projects_json}"" | python3 -c """,python3 -c,W5
"core/internal/verify/verify-domains.sh",113,"    python3 -c """,python3 -c,W5
"core/internal/verify/verify-domains.sh",148,"    done < <(python3 -c """,python3 -c,W5
"core/internal/provision-environment.sh",75,"        yq -o=json ""$yaml_path"" 2>/dev/null | python3 -c """,python3 -c,W5
"core/internal/provision-environment.sh",125,"        net_name=$(echo ""$line"" | python3 -c ""import json,sys; print(json.load(sys.stdin).get('name',''))"" 2>/dev/null)",python3 -c,W5
"core/internal/provision-environment.sh",127,"        net_driver=$(echo ""$line"" | python3 -c ""import json,sys; print(json.load(sys.stdin).get('driver','bridge'))"" 2>/dev/null)",python3 -c,W5
"core/internal/provision-environment.sh",144,"    done < <(echo ""$networks_json"" | python3 -c """,python3 -c,W5
"core/internal/provision-environment.sh",173,"        vol_path=$(echo ""$line"" | python3 -c ""import json,sys; print(json.load(sys.stdin).get('path',''))"" 2>/dev/null)",python3 -c,W5
"core/internal/provision-environment.sh",194,"    done < <(echo ""$volumes_json"" | python3 -c """,python3 -c,W5
"core/internal/provision-environment.sh",221,"        echo ""$env_json"" | python3 -c """,python3 -c,W5
"core/internal/provision-environment.sh",227,"        count=$(echo ""$env_json"" | python3 -c ""import json,sys; print(len(json.load(sys.stdin)))"" 2>/dev/null)",python3 -c,W5
"core/internal/provision-environment.sh",235,"        echo ""$env_json"" | python3 -c """,python3 -c,W5
"core/internal/provision-environment.sh",241,"        count=$(echo ""$env_json"" | python3 -c ""import json,sys; print(len(json.load(sys.stdin)))"" 2>/dev/null)",python3 -c,W5
"core/internal/provision-environment.sh",246,"        echo ""$env_json"" | python3 -c """,python3 -c,W5
"core/internal/provision-environment.sh",267,"    count=$(echo ""$profiles_json"" | python3 -c ""import json,sys; print(len(json.load(sys.stdin)))"" 2>/dev/null)",python3 -c,W5
"core/internal/provision-environment.sh",413,"        env_count=$(echo ""$_env_json"" | python3 -c ""import json,sys; print(len(json.load(sys.stdin)))"" 2>/dev/null) || env_count=0",python3 -c,W5
"core/internal/hooks/check-no-new-inline-python3.sh",4,"## @purpose  Pre-commit hook: блокирует добавление НОВЫХ `python3 -c` / heredoc в shell-файлах под core/.",python3 -c,W5
"core/internal/hooks/check-no-new-inline-python3.sh",35,"        if echo ""$content"" | grep -qE 'python3 -c|python3 - <<|python3 <<EOF|python3 <<PYEOF'; then",heredoc,W5
"core/internal/bootstrap/deploy-modules.sh",48,"    python3 -c """,python3 -c,W4-done
"core/internal/bootstrap/deploy-modules.sh",250,"    context_repo_url=$(python3 -c """,python3 -c,W4-done
"core/internal/bootstrap/deploy-modules.sh",530,"    _orphan_lines=$(python3 -c """,python3 -c,W4-done
"core/internal/bootstrap/deploy-modules.sh",648,"    python3 - <<PYEOF",heredoc,W4-done
"core/internal/bootstrap/deploy-modules.sh",684,"    python3 -c """,python3 -c,W4-done
"core/internal/bootstrap/deploy-modules.sh",704,"    python3 -c """,python3 -c,W4-done
"core/internal/bootstrap/deploy-modules.sh",720,"    python3 -c """,python3 -c,W4-done
"core/internal/bootstrap/deploy-modules.sh",760,"    _missing=$(python3 -c """,python3 -c,W4-done
"core/internal/bootstrap/deploy-modules.sh",818,"    python3 -c """,python3 -c,W4-done
"core/internal/bootstrap/deploy-modules.sh",859,"    python3 -c """,python3 -c,W4-done
"core/internal/bootstrap/deploy-modules.sh",1201,"    _batch_orphans=$(python3 -c """,python3 -c,W4-done
"core/internal/bootstrap/deploy-modules.sh",1359,"        _domain=$(python3 -c ""import yaml; print(yaml.safe_load(open('$NODE_YAML')).get('domain',''))"" 2>/dev/null)",python3 -c,W4-done
"core/internal/bootstrap/deploy-modules.sh",1410,"        done < <(echo ""$_topo_result"" | python3 -c """,python3 -c,W4-done
"core/internal/bootstrap/deploy-modules.sh",1573,"            _group_json=$(echo ""$_topo_result"" | python3 -c """,python3 -c,W4-done
"core/internal/bootstrap/deploy-modules.sh",1592,"            done < <(echo ""$_group_json"" | python3 -c """,python3 -c,W4-done
"core/internal/scripts/yaml_query.py",6,"## @purpose  Typed Python API + CLI для YAML/JSON-запросов. Заменяет inline `python3 -c` однострочники.",python3 -c,W5
"core/internal/scripts/yaml_query.py",16,"## @rationale 40+ inline `python3 -c ""import yaml,sys; ...""` в shell-скриптах сигнализируют о Bash-ceiling.",python3 -c,W5
"core/internal/scripts/yaml_query.py",134,"        description=""Typed YAML/JSON query — replacement for inline python3 -c"",",python3 -c,W5
"core/lib/vps-readiness.sh",69,"        ssh_host=""$(echo ""${NODE_HOST_MAP}"" | python3 -c ""import json,sys; m=json.load(sys.stdin); print(m.get('${node_name}',''))"" 2>/dev/null || true)""",python3 -c,W5
"core/lib/vps-readiness.sh",73,"            remediation_hints+=(""Check NODE_HOST_MAP for node '${node_name}'. Current keys: $(echo ""${NODE_HOST_MAP}"" | python3 -c ""import json,sys; print(list(json.load(sys.stdin).keys()))"" 2>/dev/null || echo ""unparseable"")"")",python3 -c,W5
"core/internal/healthcheck/docker-healthcheck.sh",35,"    containers_json=$(docker ps --all --format '{{json .}}' 2>/dev/null | python3 -c """,python3 -c,W5
"core/internal/healthcheck/docker-healthcheck.sh",63,"        echo ""[IMP:7][docker-healthcheck][export] Container health status written to ${HEALTH_JSON} ($(echo ""$containers_json"" | python3 -c 'import sys,json; print(len(json.load(sys.stdin).get(""containers"",[])))') containers)""",python3 -c,W5
"core/internal/bootstrap/install-docker.sh",116,"        python3 -c """,python3 -c,W5
"core/internal/bootstrap/s3-ssl-cache.sh",155,"    python3 -c """,python3 -c,W5
"core/internal/bootstrap/node-lifecycle.sh",1067,"            if ! python3 -c """,python3 -c,W4-done
"core/internal/bootstrap/node-lifecycle.sh",1215,"            if ! python3 -c """,python3 -c,W4-done
"core/lib/yaml_read.sh",10,"##           `python3 -c ""import yaml; ...""` patterns across the codebase.",python3 -c,W1
"core/lib/yaml_read.sh",28,"##           — CONSOLIDATES: 13+ inline `python3 -c ""import yaml""` calls",python3 -c,W1
"core/lib/yaml_read.sh",30,"##   - Requires python3 with PyYAML installed (python3 -c ""import yaml"")",python3 -c,W1
"core/lib/yaml_read.sh",38,"##   A: 13 inline `python3 -c ""import yaml""` calls across 5+ files create",python3 -c,W1
"core/internal/bootstrap/converge.sh",223,"    CONVERGE_REPORT_DRIFTS+=(""$(python3 -c """,python3 -c,W4-done
"core/internal/bootstrap/converge.sh",241,"    python3 -c """,python3 -c,W4-done
"core/internal/bootstrap/converge.sh",521,"    project_list=""$(echo ""${projects_json}"" | python3 -c ""import json,sys; [print(p['name']) for p in json.load(sys.stdin) if p.get('name')]"" 2>/dev/null || true)""",python3 -c,W4-done
"core/internal/bootstrap/converge.sh",932,"            pname=""$(echo ""${entry}"" | python3 -c ""import json,sys; print(json.load(sys.stdin)['name'])"" 2>/dev/null || true)""",python3 -c,W4-done
"core/internal/bootstrap/converge.sh",934,"            domain=""$(echo ""${entry}"" | python3 -c ""import json,sys; print(json.load(sys.stdin)['domain'])"" 2>/dev/null || true)""",python3 -c,W4-done
"core/internal/bootstrap/converge.sh",962,"        done <<< ""$(echo ""${projects_with_domains}"" | python3 -c """,python3 -c,W4-done
"core/lib/node-resolver.sh",255,"    host=""$(python3 -c """,python3 -c,W5
"core/lib/node-resolver.sh",302,"    # Uses python3 -c with inline script. The yaml_path is interpolated",python3 -c,W5
"core/lib/node-resolver.sh",306,"    host=""$(python3 -c """,python3 -c,W5
"core/lib/secrets.sh",327,"        _gen_spec=$(python3 -c """,python3 -c,W5
